Name,Gender
aaban,Male
aabid,Male
aadil,Male
aahil,Male
aalam,Male
aalee,Male
aalim,Male
aamil,Male
aamir,Male
aaqib,Male
aaqil,Male
aarif,Male
aariz,Male
aaryan,Male
aashif,Male
aashir,Male
aasif,Male
aasim,Male
aatif,Male
aaus,Male
aayan,Male
aazim,Male
abaan,Male
abbas,Male
abbud,Male
abbudin,Male
abdal,Male
abdalala,Male
abdel,Male
abdul,Male
abdulaalee,Male
abduladheem,Male
abduladl,Male
abdulafuw,Male
abdulahad,Male
abdulaleem,Male
abdulalim,Male
abdulaliyy,Male
abdulawwal,Male
abdulazeez,Male
abdulazim,Male
abdulaziz,Male
abdulbaaqi,Male
abdulbaari,Male
abdulbaasit,Male
abdulbadee,Male
abdulbadi,Male
abdulbaith,Male
abdulbaqi,Male
abdulbari,Male
abdulbarr,Male
abdulbaseer,Male
abdulbasir,Male
abdulbasit,Male
abdulbatin,Male
abduldhahir,Male
abdulfattah,Male
abdulghafaar,Male
abdulghaffar,Male
abdulghafoor,Male
abdulghafur,Male
abdulghani,Male
abdulhadi,Male
abdulhafeedh,Male
abdulhafeez,Male
abdulhafiz,Male
abdulhakam,Male
abdulhakeem,Male
abdulhakim,Male
abdulhaleem,Male
abdulhalim,Male
abdulhameed,Male
abdulhamid,Male
abdulhannan,Male
abdulhaq,Male
abdulhaqq,Male
abdulhaseeb,Male
abdulhasib,Male
abdulhayy,Male
abduljabaar,Male
abduljabbar,Male
abduljaleel,Male
abduljalil,Male
abduljawwad,Male
abdulkabir,Male
abdulkareem,Male
abdulkarim,Male
abdulkhabir,Male
abdulkhaliq,Male
abdullah,Male
abdullateef,Male
abdullatif,Male
abdulmaajid,Male
abdulmaalik,Male
abdulmajeed,Male
abdulmajid,Male
abdulmalik,Male
abdulmani,Male
abdulmannan,Male
abdulmateen,Male
abdulmatin,Male
abdulmubdee,Male
abdulmubdi,Male
abdulmueed,Male
abdulmueid,Male
abdulmughni,Male
abdulmuhaimin,Male
abdulmuhaymin,Male
abdulmuhsi,Male
abdulmuhsin,Male
abdulmuhyee,Male
abdulmuhyi,Male
abdulmuid,Male
abdulmuiz,Male
abdulmuizz,Male
abdulmujeeb,Male
abdulmujib,Male
abdulmumin,Male
abdulmunim,Male
abdulmuntaqim,Male
abdulmuqaddim,Male
abdulmuqeet,Male
abdulmuqsit,Male
abdulmuqtadir,Male
abdulmusawwir,Male
abdulmutaal,Male
abdulmutaalee,Male
abdulmuti,Male
abdulmuzanni,Male
abdulnafi,Male
abdulnaseer,Male
abdulnasir,Male
abdulnasser,Male
abdulnoor,Male
abdulnur,Male
abdulqaadir,Male
abdulqadeer,Male
abdulqadir,Male
abdulqahaar,Male
abdulqahhar,Male
abdulqaiyoum,Male
abdulqawi,Male
abdulqayyum,Male
abdulquddus,Male
abdulqudoos,Male
abdulraafi,Male
abdulrabb,Male
abdulrafi,Male
abdulraheem,Male
abdulrahim,Male
abdulrahman,Male
abdulraqib,Male
abdulrasheed,Male
abdulrashid,Male
abdulrauf,Male
abdulrazzaq,Male
abdulsabur,Male
abdulsalam,Male
abdulsamad,Male
abdulsami,Male
abdulsattar,Male
abdulshahid,Male
abdulshakur,Male
abdultawwab,Male
abdulwaajid,Male
abdulwaali,Male
abdulwadood,Male
abdulwadud,Male
abdulwahhab,Male
abdulwahid,Male
abdulwajid,Male
abdulwakil,Male
abdulwali,Male
abdulwaliy,Male
abdulwarith,Male
abdulwasi,Male
abdulzahir,Male
abdurraheem,Male
abdurrahman,Male
abdurraqeeb,Male
abdurrasheed,Male
abdurrashid,Male
abdurrauf,Male
abdurrazzaq,Male
abdus,Male
abdushshahid,Male
abdussabour,Male
abdussabur,Male
abdussalaam,Male
abdussamad,Male
abdussameei,Male
abdussami,Male
abdussattar,Male
abdusshafi,Male
abdusshaheed,Male
abdusshakur,Male
abdussubbooh,Male
abid,Male
abidin,Male
abisali,Male
abrad,Male
abrar,Male
abrash,Male
absi,Male
abthi,Male
abualkhayr,Male
abubakr,Male
abulhassan,Male
abyad,Male
abyan,Male
abzari,Male
adam,Male
adan,Male
adawi,Male
adbulqawi,Male
adeeb,Male
adeel,Male
adeem,Male
adel,Male
adham,Male
adheem,Male
adib,Male
adil,Male
adiy,Male
adl,Male
adli,Male
adnan,Male
aduzzahir,Male
adyan,Male
afaaq,Male
afeef,Male
affan,Male
afham,Male
afif,Male
afiq,Male
aflah,Male
afraz,Male
afruz,Male
aftaab,Male
aftab,Male
afzal,Male
agharr,Male
ahab,Male
ahad,Male
ahmad,Male
ahmar,Male
ahmed,Male
ahnaf,Male
ahsan,Male
ahwas,Male
ahyan,Male
ahzab,Male
aidan,Male
aidh,Male
aijaz,Male
aiman,Male
aizat,Male
ajer,Male
ajib,Male
ajlah,Male
ajmal,Male
akbar,Male
akdas,Male
akeem,Male
akhas,Male
akhdan,Male
akhfash,Male
akhlaq,Male
akhtar,Male
akif,Male
akil,Male
akmal,Male
akram,Male
ala,Male
alaaldin,Male
alabbas,Male
aladdin,Male
albara,Male
alhakam,Male
alharith,Male
alhasan,Male
alhusain,Male
alhusayn,Male
ali,Male
alim,Male
aliyy,Male
almahdi,Male
alman,Male
almir,Male
alsafi,Male
altaf,Male
altair,Male
altamash,Male
altayyib,Male
altijani,Male
altufail,Male
altufayl,Male
amaan,Male
amaar,Male
amam,Male
amayr,Male
ameen,Male
ameer,Male
amer,Male
amid,Male
amin,Male
amir,Male
amjad,Male
ammaar,Male
ammar,Male
amr,Male
amro,Male
anas,Male
anasah,Male
aneeq,Male
anees,Male
aniq,Male
anis,Male
anjam,Male
ansar,Male
antarah,Male
anwaar,Male
anwar,Male
anzar,Male
aqdas,Male
aqeel,Male
aqeil,Male
aqil,Male
arbaaz,Male
arbab,Male
areeb,Male
areez,Male
arfan,Male
arham,Male
arif,Male
arish,Male
armaan,Male
arman,Male
arqam,Male
arsal,Male
arsalaan,Male
arsh,Male
arshad,Male
arshaq,Male
arslan,Male
artah,Male
aryan,Male
asad,Male
asadel,Male
asar,Male
asbagh,Male
asbat,Male
aseed,Male
asfar,Male
asgar,Male
asghar,Male
ashaath,Male
ashar,Male
ashaz,Male
asher,Male
ashfaq,Male
ashik,Male
ashim,Male
ashmaan,Male
ashmath,Male
ashraf,Male
asif,Male
asim,Male
aslam,Male
asrar,Male
aswad,Male
ata,Male
ataa,Male
ataallah,Male
ataalrahman,Male
ataubaq,Male
ateeb,Male
athar,Male
athazaz,Male
athier,Male
athil,Male
athir,Male
atif,Male
atik,Male
atiq,Male
attiq,Male
awad,Male
awf,Male
awn,Male
aws,Male
awwab,Male
ayaan,Male
ayaaz,Male
ayaz,Male
aybak,Male
aydin,Male
ayham,Male
aymaan,Male
ayman,Male
ayoob,Male
ayser,Male
ayub,Male
ayyash,Male
ayyub,Male
aza,Male
azaan,Male
azab,Male
azad,Male
azeem,Male
azfer,Male
azhar,Male
azim,Male
aziz,Male
azlan,Male
azmat,Male
azraq,Male
azraqi,Male
azzam,Male
baahir,Male
baasim,Male
babar,Male
baber,Male
badi,Male
badialzaman,Male
badr,Male
badraldin,Male
badri,Male
baha,Male
bahaaldin,Male
bahij,Male
bahir,Male
bahiyyaldin,Male
bakr,Male
bakri,Male
baligh,Male
bandar,Male
baqar,Male
baqir,Male
barakah,Male
barir,Male
barkat,Male
barr,Male
barraq,Male
basel,Male
basem,Male
bashaar,Male
bashar,Male
basharat,Male
bashir,Male
bashshar,Male
basil,Male
basim,Male
basir,Male
bassam,Male
batal,Male
bayhas,Male
bazaan,Male
bazam,Male
behzad,Male
bilal,Male
bishr,Male
boulos,Male
budail,Male
budayl,Male
bulhut,Male
burak,Male
burayd,Male
burhaan,Male
burhan,Male
bushr,Male
butrus,Male
daamin,Male
daanish,Male
dabbah,Male
dabir,Male
daghfal,Male
dakhil,Male
dameer,Male
damurah,Male
dani,Male
daniel,Male
danish,Male
daniyal,Male
darim,Male
darwish,Male
daud,Male
dawid,Male
dawlah,Male
dawoud,Male
dawud,Male
dayyan,Male
dean,Male
deen,Male
dhakir,Male
dhakiy,Male
dhakwan,Male
dhiya,Male
dhulfiqar,Male
dilawar,Male
dildar,Male
dinar,Male
dirar,Male
diya,Male
diyaaldin,Male
diyari,Male
dizhwar,Male
duha,Male
duqaq,Male
ehan,Male
ehsaas,Male
ehsan,Male
eijaz,Male
eisa,Male
ejaz,Male
elamin,Male
emran,Male
faaiz,Male
faakhir,Male
faaris,Male
faaz,Male
fadi,Male
fadil,Male
fadl,Male
fadlallah,Male
faeq,Male
fahad,Male
fahd,Male
faheem,Male
fahim,Male
fahmi,Male
fahyim,Male
faik,Male
faiq,Male
faisal,Male
faiyaz,Male
faiz,Male
faizaan,Male
faizan,Male
fajaruddin,Male
fajer,Male
fakeeh,Male
fakhir,Male
fakhr,Male
fakhraldin,Male
fakhri,Male
fakhrul,Male
fakhry,Male
fakih,Male
falah,Male
falih,Male
faqeeh,Male
farafisa,Male
faraj,Male
farasat,Male
faraz,Male
fardeen,Male
fareed,Male
fareeq,Male
farees,Male
farhan,Male
farid,Male
fariq,Male
faris,Male
farooq,Male
farouk,Male
farraj,Male
farrukh,Male
faruq,Male
fasahat,Male
faseeh,Male
fateen,Male
fateh,Male
fath,Male
fathi,Male
fatih,Male
fatik,Male
fatin,Male
fattah,Male
fawad,Male
fawwaz,Male
fawz,Male
fawzan,Male
fawzi,Male
fayaaz,Male
fayd,Male
fayek,Male
faysal,Male
fayyad,Male
fayzan,Male
fazal,Male
fazan,Male
feroz,Male
ferran,Male
fida,Male
fiddah,Male
fidyan,Male
fikri,Male
firas,Male
firoz,Male
fizan,Male
fouad,Male
fuad,Male
fudail,Male
fujai,Male
furozh,Male
fuwad,Male
fuzail,Male
gamal,Male
gamali,Male
ghaith,Male
ghali,Male
ghalib,Male
ghanem,Male
ghanim,Male
ghannam,Male
ghasaan,Male
ghassan,Male
ghauth,Male
ghawth,Male
ghayoor,Male
ghayth,Male
ghazalan,Male
ghazanfar,Male
ghazawan,Male
ghazi,Male
ghazwan,Male
ghazzal,Male
ghiyath,Male
ghufran,Male
ghulam,Male
ghunayn,Male
ghusharib,Male
ghusun,Male
ghutayf,Male
gohar,Male
gulab,Male
gulfam,Male
gulshan,Male
gulzar,Male
haadee,Male
haaris,Male
haashir,Male
haaziq,Male
habbab,Male
habeebullah,Male
habib,Male
habis,Male
hadad,Male
haddad,Male
hadee,Male
hadi,Male
hadid,Male
hafid,Male
hafiz,Male
hafs,Male
haider,Male
haikal,Male
haitham,Male
haji,Male
hajib,Male
hajjaj,Male
hakeem,Male
hakem,Male
hakim,Male
haleef,Male
haleem,Male
halim,Male
hallaj,Male
halwani,Male
hamal,Male
hamas,Male
hamd,Male
hamdan,Male
hamdhy,Male
hamdi,Male
hameem,Male
hami,Male
hamid,Male
hamim,Male
hammad,Male
hammam,Male
hamood,Male
hamza,Male
hamzah,Male
hana,Male
hanai,Male
hanash,Male
hanbal,Male
haneef,Male
hani,Male
hanif,Male
hanifah,Male
hannad,Male
haq,Male
haris,Male
harisah,Male
harith,Male
haroon,Male
haroun,Male
harun,Male
hasan,Male
haseeb,Male
haseen,Male
hasham,Male
hashid,Male
hashim,Male
hashir,Male
hashmat,Male
hasib,Male
hasnain,Male
hassan,Male
hatib,Male
hatim,Male
hawshab,Male
hayaat,Male
haydar,Male
hayder,Male
haytham,Male
hayyam,Male
hayyan,Male
hazim,Male
haziq,Male
hesam,Male
hibah,Male
hibbaan,Male
hidayat,Male
hilal,Male
hilel,Male
hilmi,Male
himayat,Male
hisham,Male
hissan,Male
hooman,Male
hosaam,Male
houd,Male
houda,Male
hubaab,Male
hud,Male
hudad,Male
hudhafah,Male
hudhaifah,Male
hudhayfah,Male
hujayyah,Male
hujjat,Male
humaid,Male
humair,Male
humam,Male
humayl,Male
humayun,Male
humd,Male
humza,Male
hurairah,Male
hurayth,Male
hurmat,Male
hurrah,Male
husain,Male
husam,Male
husamaldin,Male
husayn,Male
husni,Male
hussain,Male
hussein,Male
huthayfa,Male
huzaifah,Male
huzayfah,Male
huzayl,Male
ibaad,Male
ibn,Male
ibrahim,Male
id,Male
idris,Male
iftikhar,Male
ihab,Male
ihsan,Male
ihtesham,Male
ihtiram,Male
ihtisham,Male
ihtsham,Male
ijaz,Male
ijli,Male
ikrimah,Male
ilan,Male
ilias,Male
ilifat,Male
ilyas,Male
imaad,Male
imaan,Male
imad,Male
imadaldin,Male
imam,Male
imran,Male
imtiaz,Male
imtiyaz,Male
inaam,Male
inam,Male
inayat,Male
iniat,Male
insaf,Male
intaj,Male
intikhab,Male
intizar,Male
iqbal,Male
iqraam,Male
iqrit,Male
iqtidar,Male
irfan,Male
isa,Male
isam,Male
ishaq,Male
ishrat,Male
ishtiyaq,Male
iskandar,Male
islam,Male
ismah,Male
ismail,Male
israr,Male
issam,Male
issar,Male
istakhri,Male
ithaar,Male
itimad,Male
iyaad,Male
iyaas,Male
iyad,Male
iyas,Male
izaan,Male
izyan,Male
izz,Male
izzaldin,Male
izzat,Male
jaan,Male
jabalah,Male
jabbar,Male
jabir,Male
jabr,Male
jad,Male
jadallah,Male
jafar,Male
jaffer,Male
jahangir,Male
jahanzeb,Male
jahdami,Male
jahdari,Male
jahiz,Male
jahm,Male
jal,Male
jalal,Male
jalalaldin,Male
jaleel,Male
jalees,Male
jalil,Male
jamal,Male
jamalaldin,Male
jameel,Male
jamesha,Male
jamil,Male
jan,Male
jaraah,Male
jareer,Male
jari,Male
jarir,Male
jariyah,Male
jarood,Male
jarrar,Male
jasim,Male
jasmir,Male
jauhar,Male
jaul,Male
jaun,Male
javed,Male
javeed,Male
javier,Male
jawad,Male
jawdah,Male
jawdan,Male
jawhar,Male
jazib,Male
jazlaan,Male
jeelan,Male
jibran,Male
jibril,Male
jihad,Male
jiyad,Male
juayl,Male
jubair,Male
jubayr,Male
juhaym,Male
jul,Male
juma,Male
jumah,Male
jumanah,Male
jummal,Male
jumuah,Male
junaid,Male
junayd,Male
jundub,Male
juthamah,Male
juwain,Male
juwayn,Male
kaamil,Male
kaashif,Male
kabeer,Male
kabir,Male
kadar,Male
kadeen,Male
kadeer,Male
kadin,Male
kadir,Male
kafeel,Male
kahil,Male
kaiser,Male
kajji,Male
kalbi,Male
kaleem,Male
kaleema,Male
kalil,Male
kaliq,Male
kamal,Male
kameel,Male
kamil,Male
kamran,Male
karam,Male
kardal,Male
kareef,Male
kareem,Male
karif,Male
karim,Male
kasam,Male
kaseeb,Male
kaseem,Male
kashan,Male
kashif,Male
kasib,Male
kasim,Male
kateb,Male
katib,Male
kawkab,Male
kawthar,Male
kaysan,Male
kazi,Male
kazim,Male
kedar,Male
keyaan,Male
khadim,Male
khafid,Male
khairaldin,Male
khairi,Male
khairy,Male
khalaf,Male
khalam,Male
khaldoon,Male
khaldun,Male
khaled,Male
khaleed,Male
khaleel,Male
khaleeq,Male
khalid,Male
khalifah,Male
khalil,Male
khalilalallah,Male
khalis,Male
khallad,Male
kharijah,Male
khasib,Male
khateeb,Male
khatib,Male
khawar,Male
khayaam,Male
khayr,Male
khayri,Male
khayyat,Male
khazin,Male
khidash,Male
khidr,Male
khirash,Male
khoury,Male
khubaib,Male
khubayb,Male
khulayd,Male
khulus,Male
khunays,Male
khuram,Male
khuraymah,Male
khurram,Male
khursheed,Male
khurshid,Male
khushbakht,Male
khushtar,Male
khuzaimah,Male
khuzaymah,Male
kifayat,Male
kinza,Male
kishwar,Male
kurayb,Male
kutaiba,Male
labeeb,Male
labib,Male
lablab,Male
lahiah,Male
laiq,Male
laith,Male
lajlaj,Male
laqeet,Male
lateef,Male
latif,Male
layth,Male
liban,Male
limazah,Male
liyaqat,Male
luay,Male
lubaid,Male
lubayd,Male
luqman,Male
lut,Male
lutf,Male
lutfi,Male
maaz,Male
mabad,Male
mad,Male
madani,Male
madiyan,Male
madyan,Male
mahad,Male
mahaz,Male
mahbeer,Male
mahbub,Male
mahd,Male
mahdi,Male
maher,Male
mahfuj,Male
mahfuz,Male
mahir,Male
mahja,Male
mahjub,Male
mahmoud,Male
mahmud,Male
mahrus,Male
maimun,Male
main,Male
majd,Male
majdaldin,Male
majdi,Male
majdy,Male
majid,Male
makhdoom,Male
makin,Male
makki,Male
malih,Male
malik,Male
mamdouh,Male
mamduh,Male
mamoon,Male
mamun,Male
man,Male
mandhur,Male
mansoor,Male
mansur,Male
manzar,Male
manzoor,Male
maqbool,Male
maqil,Male
marghoob,Male
marghub,Male
marid,Male
marudeen.,Male
maruf,Male
marwan,Male
marzuq,Male
masarrat,Male
mashal,Male
mashhood,Male
mashhud,Male
mashhur,Male
mashkoor,Male
masood,Male
masoud,Male
masroor,Male
masrur,Male
masud,Male
masum,Male
masun,Male
mateen,Male
matloob,Male
mawsil,Male
maymun,Male
maysarah,Male
mazhar,Male
mazin,Male
mehboob,Male
mehtab,Male
mekka,Male
mensur,Male
miftah,Male
mihran,Male
mihyar,Male
mika,Male
mikail,Male
mimar,Male
minhaj,Male
miqdad,Male
miraj,Male
mirsab,Male
misbah,Male
mishaal,Male
mishal,Male
miskeen,Male
mistah,Male
miyaz,Male
moazzam,Male
mobeen,Male
moeenuddin,Male
moeez,Male
moemen,Male
mohammed,Male
mohid,Male
mohsin,Male
mokbul,Male
moosa,Male
mostafa,Male
motasim,Male
motaz,Male
mounir,Male
mourad,Male
muadh,Male
muafa,Male
mualla,Male
muallim,Male
muammar,Male
muammer,Male
muawiyah,Male
muawwiz,Male
muayyad,Male
muballigh,Male
mubarak,Male
mubaraq,Male
mubashir,Male
mubassir,Male
mubeen,Male
mubid,Male
mubin,Male
mudabbir,Male
mudar,Male
mudasir,Male
mudasser,Male
muddaththir,Male
mueen,Male
mueez,Male
mufaddal,Male
mufakkir,Male
mufallah,Male
mufeed,Male
mufid,Male
muflih,Male
mufti,Male
mughith,Male
muhab,Male
muhafiz,Male
muhaimin,Male
muhair,Male
muhajir,Male
muhammad,Male
muhanna,Male
muhannad,Male
muhanned,Male
muharrem,Male
muhayr,Male
muhdee,Male
muheet,Male
muhib,Male
muhibb,Male
muhriz,Male
muhsin,Male
muhtadi,Male
muhtashim,Male
muhyialdin,Male
muin,Male
muinuddeen,Male
muiz,Male
muizz,Male
mujab,Male
mujaddid,Male
mujahid,Male
mujazziz,Male
mujeeb,Male
mujibur,Male
mujtaba,Male
mukarram,Male
mukhlis,Male
mukhtar,Male
mukthadir,Male
mulayl,Male
mulham,Male
mulhim,Male
mumin,Male
mummar,Male
mumtaz,Male
munaf,Male
munahid,Male
munawwar,Male
mundhir,Male
muneeb,Male
muneer,Male
munib,Male
munif,Male
munir,Male
munis,Male
munjid,Male
munkadir,Male
munqad,Male
munsif,Male
muntasir,Male
muntazir,Male
munzir,Male
muqaddas,Male
muqatadir,Male
muqbil,Male
muqtasid,Male
murabbi,Male
murad,Male
mursal,Male
murshid,Male
murtaad,Male
murtada,Male
murtadaa,Male
murtadhy,Male
murtadi,Male
murtaza,Male
musa,Male
musab,Male
musad,Male
musaddiq,Male
musaid,Male
museeb,Male
musharraf,Male
musheer,Male
mushfiq,Male
mushir,Male
mushtaq,Male
muslih,Male
muslim,Male
mussarrat,Male
mustaeen,Male
mustafa,Male
mustafeed,Male
mustahsan,Male
mustajab,Male
mustakim,Male
mustaneer,Male
mustaqeem,Male
mustatab,Male
muta,Male
mutahhir,Male
mutashim,Male
mutasim,Male
mutawalli,Male
mutawassit,Male
mutayyib,Male
mutazz,Male
muthanna,Male
muti,Male
muttaqi,Male
muttee,Male
muwaffaq,Male
muyassar,Male
muzaffar,Male
muzakkir,Male
muzammil,Male
muzhir,Male
muzzammil,Male
naadir,Male
nabeel,Male
nabhan,Male
nabigh,Male
nabighah,Male
nabih,Male
nabil,Male
nadeem,Male
nadhir,Male
nadim,Male
nadir,Male
nadr,Male
naeem,Male
nafasat,Male
nafees,Male
nafi,Male
nafis,Male
nahid,Male
naib,Male
naif,Male
nail,Male
naim,Male
najair,Male
najam,Male
najeeb,Male
najeed,Male
naji,Male
najib,Male
najid,Male
najih,Male
najjar,Male
najm,Male
najmaldin,Male
naman,Male
nameer,Male
namik,Male
namir,Male
naqeeb,Male
naqi,Male
naqid,Male
naqqaash,Male
naseef,Male
naseem,Male
naseer,Male
nashah,Male
nashat,Male
nashit,Male
nashwan,Male
nasib,Male
nasif,Male
nasih,Male
nasim,Male
nasir,Male
nasiraldin,Male
nasmi,Male
nasr,Male
nasri,Male
nasser,Male
nasuh,Male
natiq,Male
naushad,Male
naveed,Male
navid,Male
nawaf,Male
nawaz,Male
nawfal,Male
nawwaf,Male
nayab,Male
nayif,Male
nazakat,Male
nazar,Male
nazeef,Male
nazeeh,Male
nazeem,Male
nazeer,Male
nazih,Male
nazim,Male
nazir,Male
nazmi,Male
nehan,Male
nibras,Male
nidal,Male
nihal,Male
nijad,Male
nimr,Male
nishaaj,Male
nithar,Male
niyaz,Male
nizam,Male
nizar,Male
nizzar,Male
noman,Male
nooh,Male
noor,Male
noorali,Male
noori,Male
noraiz,Male
nour,Male
noureddine,Male
nuaim,Male
nuaym,Male
nubaid,Male
nuh,Male
nuhaid,Male
nuhayd,Male
numair,Male
numan,Male
nur,Male
nuraldin,Male
nuraz,Male
nurdeen,Male
nurfirdaus,Male
nuri,Male
nurulqiblatayn,Male
nusayb,Male
nusayr,Male
nusrah,Male
nusrat,Male
obaid,Male
omair,Male
omar,Male
osama,Male
owais,Male
parsa,Male
parvez,Male
pervaiz,Male
qaadir,Male
qabeel,Male
qadar,Male
qadeer,Male
qadi,Male
qadim,Male
qahtan,Male
qaim,Male
qais,Male
qamar,Male
qani,Male
qanit,Male
qareeb,Male
qaseem,Male
qasid,Male
qasif,Male
qasim,Male
qatadah,Male
qawee,Male
qays,Male
quadir,Male
qudamah,Male
qudoos,Male
qurban,Male
qusay,Male
qutaibah,Male
qutaybah,Male
qutb,Male
qutuz,Male
raahil,Male
raamis,Male
raamiz,Male
raashid,Male
rabah,Male
rabar,Male
rabbani,Male
rabee,Male
rabi,Male
rabiah,Male
rabit,Male
radi,Male
raees,Male
rafan,Male
rafay,Male
rafee,Male
rafeek,Male
rafi,Male
rafid,Male
rafik,Male
rafiq,Male
ragheb,Male
raghib,Male
raghid,Male
rahat,Male
raheel,Male
raheesh,Male
rahil,Male
rahim,Male
rahman,Male
rahmat,Male
raid,Male
raif,Male
raihan,Male
rais,Male
raiyan,Male
raja,Male
rajaa,Male
rajab,Male
raji,Male
rajih,Male
rakeem,Male
rakhshan,Male
rakin,Male
ramadan,Male
rameez,Male
rami,Male
ramih,Male
ramin,Male
ramiz,Male
ramzi,Male
rani,Male
raonar,Male
raquib,Male
raseem,Male
rashad,Male
rashdan,Male
rasheed,Male
rashid,Male
rasil,Male
rasin,Male
rasmi,Male
rasool,Male
rasul,Male
ratib,Male
rauf,Male
rawahah,Male
rawdah,Male
rawh,Male
rayan,Male
rayees,Male
rayhaan,Male
rayhan,Male
rayn,Male
rayyan,Male
raza,Male
razam,Male
razeen,Male
razin,Male
reda,Male
rehan,Male
rehma,Male
rehmatullah,Male
reza,Male
riaz,Male
rida,Male
ridha,Male
ridwan,Male
rifaah,Male
rihab,Male
risay,Male
riyad,Male
riyadh,Male
riyasat,Male
rizq,Male
rizwan,Male
robeel,Male
rohail,Male
roshan,Male
rowel,Male
ruhi,Male
rukanah,Male
rushd,Male
rushdi,Male
ruwaid,Male
ruwayd,Male
ruwayfi,Male
saad,Male
saadah,Male
saadat,Male
saafir,Male
saahir,Male
saaiq,Male
saal,Male
saaqib,Male
sab,Male
sabbir,Male
sabeeh,Male
sabeer,Male
sabih,Male
sabil,Male
sabiq,Male
sabir,Male
sabri,Male
sabur,Male
saburah,Male
sad,Male
sadad,Male
sadaldin,Male
sadan,Male
sadaqat,Male
sadeed,Male
sadeem,Male
sadid,Male
sadik,Male
sadiq,Male
sadit,Male
sadun,Male
saeed,Male
safdar,Male
safeenah,Male
safeer,Male
saffar,Male
safi,Male
safiy,Male
safiyaldin,Male
safiyallah,Male
safiyy,Male
safuh,Male
safulislam,Male
safwah,Male
safwan,Male
safwat,Male
sagheer,Male
sahab,Male
sahar,Male
saheim,Male
sahib,Male
sahil,Male
sahir,Male
sahl,Male
sahm,Male
sahmir,Male
saib,Male
said,Male
saif,Male
saifaldin,Male
saifan,Male
saifulazman,Male
saim,Male
sair,Male
sairah,Male
saji,Male
sajid,Male
sajjad,Male
sakhawat,Male
sakhr,Male
sakhrah,Male
salaahddinn,Male
salaam,Male
salah,Male
salahaldin,Male
salam,Male
salamah,Male
salamat,Male
salar,Male
saleel,Male
saleem,Male
saleh,Male
salif,Male
salih,Male
salik,Male
salim,Male
salman,Male
salsaal,Male
salsal,Male
salt,Male
sameed,Male
sameer,Male
sameh,Male
sami,Male
samih,Male
samir,Male
samit,Male
samman,Male
sanaullah,Male
sanawbar,Male
saood,Male
saqer,Male
saqib,Male
saqr,Male
sarab,Male
sarfaraz,Male
sarfraz,Male
sarim,Male
sariyah,Male
sarmad,Male
sarosh,Male
sarwar,Male
sati,Male
saud,Male
sawa,Male
sawad,Male
sawlat,Male
sawwaf,Male
sayf,Male
sayfiyy,Male
sayhan,Male
sayid,Male
sayyar,Male
sayyid,Male
seema,Male
seif,Male
shaaf,Male
shaariq,Male
shabaan,Male
shabab,Male
shabah,Male
shaban,Male
shabaz,Male
shabb,Male
shabbeer,Male
shabbir,Male
shabeeh,Male
shabib,Male
shad,Male
shadab,Male
shadan,Male
shadeed,Male
shadhin,Male
shadi,Male
shadin,Male
shafaat,Male
shafee,Male
shafeeq,Male
shafi,Male
shafin,Male
shafiq,Male
shafiulla,Male
shafqat,Male
shah,Male
shahab,Male
shahadat,Male
shahan,Male
shaharyar,Male
shahbaz,Male
shaheed,Male
shaheem,Male
shaheen,Male
shaheer,Male
shahid,Male
shahin,Male
shahir,Male
shahnawaz,Male
shahrukh,Male
shahrul,Male
shahzad,Male
shahzaib,Male
shahzor,Male
shairyaar,Male
shajee,Male
shakeel,Male
shakib,Male
shakir,Male
shallal,Male
shamal,Male
shamas,Male
shameel,Male
shameem,Male
shamel,Male
shamil,Male
shamim,Male
shammyn,Male
shams,Male
shamsaldin,Male
shamshad,Male
shamsheer,Male
shamsideen,Male
shamsulhaq,Male
shan,Male
shaqeeq,Male
sharaf,Male
sharafat,Male
sharaheel,Male
shareef,Male
shareek,Male
sharif,Male
sharifudin,Male
shariq,Male
sharique,Male
sharjeel,Male
shaukat,Male
shawaiz,Male
shawqi,Male
shayaan,Male
shayan,Male
shaybah,Male
shazad,Male
shazeb,Male
shaziya,Male
shehran,Male
shehroze,Male
shehryaar,Male
shehyar,Male
shehzaad,Male
sheraz,Male
sheryar,Male
shibli,Male
shifa,Male
shihab,Male
shihabaldin,Male
shihad,Male
shiraz,Male
shoaib,Male
shuaa,Male
shuaib,Male
shuayb,Male
shuja,Male
shukri,Male
shumayl,Male
shuneal,Male
shurahbeel,Male
shurayh,Male
shuraym,Male
siddiq,Male
sifet,Male
sikandar,Male
silah,Male
simak,Male
sinan,Male
siraj,Male
sirajaldin,Male
siwar,Male
sofian,Male
sohaib,Male
sohail,Male
souffian,Male
subhan,Male
subhi,Male
sufyan,Male
suhaan,Male
suhaib,Male
suhail,Male
suhaim,Male
suhayb,Male
suhayl,Male
suhaym,Male
suheb,Male
sulaiman,Male
sulayk,Male
sulayman,Male
sultaan,Male
sultan,Male
sumayya,Male
sumrah,Male
suoud,Male
suraqah,Male
surayj,Male
surur,Male
suud,Male
suwaybit,Male
suwayd,Male
sydeek,Male
syed,Male
taanish,Male
taban,Male
tabassum,Male
tabish,Male
taha,Male
tahawwur,Male
taheem,Male
tahir,Male
tahmeed,Male
tahmid,Male
tahoor,Male
tahseen,Male
tahsin,Male
taimallah,Male
taimur,Male
taj,Male
tajaldin,Male
tajammal,Male
tajammul,Male
tajudinn,Male
talal,Male
talat,Male
talha,Male
talhah,Male
tali,Male
talib,Male
tamam,Male
tameem,Male
tameez,Male
tamim,Male
tamir,Male
tamkeen,Male
tammam,Male
tanim,Male
tanveer,Male
tanwir,Male
taqiy,Male
taqiyy,Male
tarannum,Male
tareef,Male
tarif,Male
tariq,Male
tasadduq,Male
tasawwar,Male
taseen,Male
taslim,Male
tasneen,Male
taufiq,Male
tauqeer,Male
tawbah,Male
tawfeeq,Male
tawfiq,Male
tawhid,Male
tawoos,Male
tawseef,Male
taymallah,Male
taymullah,Male
taymur,Male
taysir,Male
tayyab,Male
tayyib,Male
tazeem,Male
tazneem,Male
tehseen,Male
thabit,Male
thalabah,Male
thaman,Male
thamar,Male
thamer,Male
thamir,Male
thaqaf,Male
thaqib,Male
tharwat,Male
thauban,Male
thawab,Male
thawban,Male
thayer,Male
thumamah,Male
tihami,Male
tobias,Male
toqeer,Male
tufayl,Male
tulayb,Male
tunveer,Male
turhan,Male
ubadah,Male
ubaid,Male
ubaidah,Male
ubayd,Male
ubaydah,Male
ubaydullah,Male
ubayy,Male
udail,Male
uday,Male
udayl,Male
uhban,Male
ulfat,Male
umair,Male
umar,Male
umarah,Male
umayr,Male
umayyah,Male
umran,Male
unais,Male
unal,Male
unays,Male
uqbah,Male
urfee,Male
urooj,Male
urwah,Male
usaim,Male
usama,Male
usamah,Male
usayd,Male
usaym,Male
usman,Male
utbah,Male
uthal,Male
uthman,Male
uwayam,Male
uzair,Male
uzayr,Male
waail,Male
waddah,Male
wadi,Male
wadid,Male
wafa,Male
wafeeq,Male
wafi,Male
wafiq,Male
wahab,Male
wahb,Male
wahban,Male
waheed,Male
wahhab,Male
wahhaj,Male
wahib,Male
wahid,Male
wail,Male
wais,Male
waiz,Male
wajdaan,Male
wajdi,Male
wajeeh,Male
wajid,Male
wajih,Male
wakalat,Male
wakeel,Male
wakil,Male
waleed,Male
wali,Male
walid,Male
walif,Male
waliuddin,Male
waliyaldin,Male
waliyallah,Male
waqaar,Male
waqar,Male
waqas,Male
waqqas,Male
ward,Male
wasay,Male
waseem,Male
wasif,Male
wasil,Male
wasim,Male
watheq,Male
wazir,Male
wildan,Male
wisam,Male
yafi,Male
yaghnam,Male
yahya,Male
yaman,Male
yameen,Male
yaqeen,Male
yaqoot,Male
yaqub,Male
yar,Male
yasar,Male
yaseen,Male
yasin,Male
yasir,Male
yasser,Male
yathrib,Male
yawar,Male
yawer,Male
yazan,Male
yazeed,Male
yazid,Male
yoonus,Male
youssef,Male
yuhannis,Male
yunus,Male
yusef,Male
yushua,Male
yusr,Male
yusri,Male
yusuf,Male
zackariya,Male
zaeem,Male
zafar,Male
zafir,Male
zafrul,Male
zaheer,Male
zahi,Male
zahid,Male
zahir,Male
zaid,Male
zaigham,Male
zaighum,Male
zaim,Male
zain,Male
zair,Male
zakar,Male
zakariya,Male
zakariyya,Male
zaki,Male
zakir,Male
zakwan,Male
zaky,Male
zaman,Male
zameer,Male
zamil,Male
zarar,Male
zarif,Male
zaroon,Male
zarrar,Male
zayan,Male
zayb,Male
zayd,Male
zayer,Male
zayn,Male
zebadiyah,Male
zeeshan,Male
zeeya,Male
zeyad,Male
zia,Male
ziad,Male
ziaud,Male
zishan,Male
ziyad,Male
zohaib,Male
zohair,Male
zubair,Male
zubayr,Male
zuehb,Male
zufar,Male
zuhaib,Male
zuhair,Male
zuhayr,Male
zuhoor,Male
zulaym,Male
zulfaqar,Male
zulfiqar,Male
zulqarnain,Male
zunnoon,Male
zuti,Male
aabidah,Female
aabirah,Female
aabish,Female
aadab,Female
aadila,Female
aaeedah,Female
aaeesha,Female
aafia,Female
aafiya,Female
aafreeda,Female
aafreen,Female
aaidah,Female
aairah,Female
aakifah,Female
aala,Female
aalaa,Female
aaleyah,Female
aalia,Female
aalimah,Female
aaliyah,Female
aamaal,Female
aamal,Female
aamanee,Female
aamilah,Female
aaminah,Female
aamira,Female
aamirah,Female
aanifatimahkhatoon,Female
aanisah,Female
aaqilah,Female
aara,Female
aarifah,Female
aasia,Female
aasimah,Female
aatifa,Female
aatikah,Female
aatiqah,Female
aatirah,Female
aazeen,Female
abal,Female
abasah,Female
abda,Female
abdia,Female
abdulbasit,Female
abeedah,Female
abeela,Female
abeer,Female
abeera,Female
abeerah,Female
abia,Female
abida,Female
abidah,Female
abir,Female
abla,Female
ablaa,Female
ablah,Female
abqurah,Female
abra,Female
abrar,Female
ada,Female
adab,Female
adara,Female
adawiyah,Female
adeeba,Female
adeela,Female
adeelah,Female
adeena,Female
adeeva,Female
adiba,Female
adifaah,Female
adila,Female
adilah,Female
adla,Female
adn,Female
afaf,Female
afeefa,Female
afeerah,Female
afia,Female
afifa,Female
afifah,Female
afiyah,Female
afizah,Female
afnan,Female
afra,Female
afraa,Female
afrah,Female
afreen,Female
afroza,Female
afroze,Female
afsa,Female
afsana,Female
afshan,Female
afsheen,Female
afya,Female
ahd,Female
ahdia,Female
ahlam,Female
aida,Female
aidah,Female
aighar,Female
aila,Female
aimal,Female
aimen,Female
ain,Female
ainalsaba,Female
aini,Female
aisha,Female
aishah,Female
aiya,Female
aiyla,Female
aiza,Female
aizah,Female
ajeebah,Female
ajlal,Female
ajradah,Female
ajwa,Female
akia,Female
akifah,Female
akilah,Female
akleema,Female
ala,Female
alaia,Female
alayna,Female
aleemah,Female
aleena,Female
aleesa,Female
aleeza,Female
alesha,Female
alhena,Female
alia,Female
aliah,Female
alika,Female
alima,Female
alimah,Female
alina,Female
alishaba,Female
alishba,Female
aliyah,Female
aliyyah,Female
aliza,Female
alleyah,Female
alma,Female
almaas,Female
almas,Female
alraaz,Female
altaf,Female
aludra,Female
alvina,Female
alya,Female
alzahra,Female
alzubra,Female
amah,Female
amal,Female
amala,Female
amalia,Female
aman,Female
amana,Female
amani,Female
amany,Female
amara,Female
amatullah,Female
amaya,Female
ambar,Female
ambareen,Female
amber,Female
ambereen,Female
ambreen,Female
ameena,Female
ameenah,Female
ameera,Female
ameerah,Female
amel,Female
amelia,Female
amena,Female
amilah,Female
amima,Female
amina,Female
aminah,Female
amineh,Female
amira,Female
amirah,Female
amjad,Female
ammara,Female
ammarah,Female
amna,Female
amra,Female
amrah,Female
amreen,Female
amsah,Female
amtullah,Female
ana,Female
anaan,Female
anah,Female
anam,Female
anan,Female
anaum,Female
anbar,Female
anbarin,Female
andaleeb,Female
andalib,Female
andlib,Female
aneeqa,Female
aneesa,Female
aneesah,Female
aneezah,Female
angbin,Female
anida,Female
anika,Female
anila,Female
anisa,Female
anisah,Female
anisha,Female
aniya,Female
anja,Female
anjum,Female
anmar,Female
annam,Female
anniyah,Female
anousha,Female
anum,Female
anwaar,Female
anwar,Female
anwara,Female
anya,Female
aqeela,Female
aqeelah,Female
aqilah,Female
aqsa,Female
ara,Female
aram,Female
areebah,Female
areej,Female
aresha,Female
arfa,Female
ariana,Female
aribah,Female
arij,Female
arisha,Female
arissa,Female
arjumand,Female
aroob,Female
aroosa,Female
aroush,Female
arsala,Female
arub,Female
arva,Female
arwa,Female
arya,Female
aryisha,Female
arzo,Female
arzoo,Female
arzu,Female
asalah,Female
asbah,Female
asfa,Female
asfia,Female
asfiya,Female
ashadieeyah,Female
ashalina,Female
ashbah,Female
asheeyana,Female
ashika,Female
ashwaq,Female
asifa,Female
asil,Female
asilah,Female
asili,Female
asima,Female
asimah,Female
asiya,Female
asiyah,Female
asli,Female
asma,Female
asmaa,Female
asmara,Female
asmat,Female
asna,Female
asra,Female
asrar,Female
asriyah,Female
ateefa,Female
ateeqah,Female
ateeyah,Female
athilah,Female
athir,Female
athmah,Female
atia,Female
atifa,Female
atifah,Female
atika,Female
atikah,Female
atiqah,Female
atiya,Female
atiyah,Female
atyaf,Female
awa,Female
awatif,Female
aya,Female
ayaana,Female
ayaat,Female
ayah,Female
ayan,Female
ayana,Female
ayat,Female
ayeh,Female
ayesha,Female
ayishah,Female
aymen,Female
ayra,Female
aysha,Female
ayshah,Female
azadeh,Female
azeemah,Female
azeeza,Female
azhaar,Female
azhar,Female
aziman,Female
aziz,Female
aziza,Female
azizah,Female
azka,Female
azma,Female
azmina,Female
azra,Female
azraa,Female
azza,Female
azzah,Female
azzahra,Female
badia,Female
badiah,Female
badiyah,Female
badra,Female
badriya,Female
badriyah,Female
badriyyah,Female
baha,Female
bahaa,Female
bahar,Female
baheera,Female
bahij,Female
bahijah,Female
bahira,Female
bahirah,Female
bahiya,Female
bahiyaa,Female
bahiyah,Female
bahiyyah,Female
bahriyahalaabidah,Female
bakht,Female
bakhtawar,Female
balqees,Female
balqis,Female
balsam,Female
ban,Female
banafsha,Female
banan,Female
banujah,Female
baraaa,Female
baraah,Female
baraka,Female
barakah,Female
bareerah,Female
bariah,Female
barika,Female
barirah,Female
barrah,Female
barzah,Female
basaaria,Female
basbas,Female
baseema,Female
bashair,Female
basheera,Female
bashirah,Female
basilah,Female
basimah,Female
basinah,Female
basma,Female
basmah,Female
basoos,Female
batinah,Female
batool,Female
batrisyia,Female
batul,Female
bayan,Female
baysan,Female
bazilah,Female
beena,Female
beenish,Female
benazir,Female
benzair,Female
bilqees,Female
bilqis,Female
binesh,Female
binish,Female
birrah,Female
bisar,Female
bisharah,Female
bisma,Female
budur,Female
buhaisah,Female
buhaysah,Female
buhayyah,Female
buhjah,Female
buhthah,Female
bunanah,Female
buqayrah,Female
burdah,Female
busayrah,Female
bushra,Female
bushrah,Female
busr,Female
busrah,Female
buthainah,Female
buthayna,Female
buthaynah,Female
cala,Female
cantara,Female
chaman,Female
chanda,Female
chandni,Female
daania,Female
daanya,Female
dad,Female
dafiyah,Female
dahab,Female
dahma,Female
dalal,Female
daleela,Female
daliya,Female
daliyah,Female
daneen,Female
daniya,Female
daniyah,Female
darakhshaan,Female
darakhshan,Female
daria,Female
dawlatkhatoon,Female
deeba,Female
deema,Female
dema,Female
dhakirah,Female
dhakiyah,Female
dhuha,Female
dhuka,Female
dilshadkhatoon,Female
dimah,Female
dina,Female
diqrah,Female
diyanah,Female
doaa,Female
dua,Female
duaa,Female
dubaah,Female
duha,Female
dujanah,Female
dunia,Female
dunya,Female
dunyana,Female
durar,Female
durdanah,Female
durrah,Female
durriyah,Female
eiliyah,Female
eimaan,Female
eiman,Female
eliza,Female
elma,Female
eman,Female
enisa,Female
eraj,Female
erina,Female
ermina,Female
erum,Female
eshaal,Female
eshal,Female
eshmaal,Female
ezzah,Female
fadeelah,Female
fadheela,Female
fadila,Female
fadilah,Female
fadiyah,Female
fadwa,Female
fadwah,Female
fadyaa,Female
faeezah,Female
faekah,Female
fahada,Female
fahdah,Female
faheemah,Female
fahima,Female
fahimah,Female
fahmida,Female
faiha,Female
faiqa,Female
faiqah,Female
fairuzah,Female
faiza,Female
faizah,Female
fajr,Female
fakeehah,Female
fakhirah,Female
fakhra,Female
fakhriyah,Female
fakhtah,Female
fakihah,Female
falak,Female
falaknaz,Female
falaq,Female
falisha,Female
famya,Female
fanan,Female
faqirah,Female
fara,Female
farah,Female
faraza,Female
fareeda,Female
fareedah,Female
fareeha,Female
fareess,Female
farha,Female
farhah,Female
farhana,Female
farhanah,Female
farhat,Female
farheen,Female
farhiya,Female
faria,Female
fariah,Female
farida,Female
faridah,Female
fariha,Female
farihah,Female
farisha,Female
fariza,Female
farizah,Female
farkhandah,Female
farqad,Female
farwa,Female
farwah,Female
faryal,Female
faryat,Female
farzana,Female
farzeen,Female
faseehah,Female
faseelah,Female
fateenah,Female
fatheha,Female
fathi,Female
fathima,Female
fathiya,Female
fathiyah,Female
fatiha,Female
fatihah,Female
fatim,Female
fatima,Female
fatimah,Female
fatin,Female
fatinah,Female
fatma,Female
fauzia,Female
fawz,Female
fawza,Female
fawzah,Female
fawzia,Female
fawziya,Female
fawziyah,Female
fawziyyah,Female
fayha,Female
fayruz,Female
fazia,Female
fazluna,Female
fazzilet,Female
feerozah,Female
feiyaz,Female
fellah,Female
femida,Female
fida,Female
fiddah,Female
fikriya,Female
fikriyah,Female
fir,Female
firdaus,Female
firdaws,Female
firdoos,Female
firdous,Female
firdowsa,Female
firyal,Female
fiza,Female
forhana,Female
fozia,Female
foziah,Female
fudayl,Female
furat,Female
furayah,Female
fusaylah,Female
fuseelah,Female
futun,Female
gazala,Female
ghaada,Female
ghaaliya,Female
ghadah,Female
ghadir,Female
ghalibah,Female
ghaliyah,Female
ghaneemah,Female
ghania,Female
ghaniyah,Female
gharam,Female
ghareebah,Female
ghayda,Female
ghaydaa,Female
ghazal,Female
ghazala,Female
ghazalah,Female
ghaziyah,Female
ghitbah,Female
ghizlan,Female
ghufayrah,Female
ghufran,Female
ghumaysa,Female
ghunwah,Female
ghunyah,Female
ghusoon,Female
ghusun,Female
ghuzayyah,Female
gulbano,Female
gulerana,Female
haadiya,Female
haajar,Female
haala,Female
hababah,Female
habeeba,Female
habiba,Female
habibah,Female
haboos,Female
hadeel,Female
hadeeqa,Female
hadeeqah,Female
hadhirah,Female
hadil,Female
hadiya,Female
hadiyah,Female
hadiyyah,Female
hafa,Female
hafeezah,Female
hafizah,Female
hafsa,Female
hafsa/ucha,Female
hafsah,Female
hafthah,Female
haifa,Female
haiza,Female
hajar,Female
hajjah,Female
hajna,Female
hajrah,Female
hakimah,Female
hala,Female
halah,Female
haleema,Female
halima,Female
halimah,Female
hamamah,Female
hamdiyah,Female
hameeda,Female
hamidah,Female
hamnah,Female
hamra,Female
hana,Female
hanan,Female
haneefa,Female
haneefah,Female
hanfa,Female
haniah,Female
hanifa,Female
hanifah,Female
hanin,Female
haniya,Female
haniyah,Female
haniyyah,Female
hannah,Female
hannan,Female
hareem,Female
haseena,Female
hasibah,Female
hasinah,Female
hasna,Female
hasnah,Female
hawa,Female
hawadah,Female
hawazin,Female
hawra,Female
hawwa,Female
hayaam,Female
hayah,Female
hayam,Female
hayat,Female
hayed,Female
hayfa,Female
hayrah,Female
hayud,Female
hazar,Female
hazimah,Female
haziqah,Female
hazirah,Female
heba,Female
heela,Female
hena,Female
henna,Female
hessa,Female
heyam,Female
hiba,Female
hibah,Female
hibatallah,Female
hibatullah,Female
hibba,Female
hibbah,Female
hidayah,Female
hidiyah,Female
hifza,Female
hijab,Female
hijrah,Female
hikmah,Female
hikmat,Female
hilwana,Female
hind,Female
hindah,Female
hira,Female
hirah,Female
hiyam,Female
hoda,Female
hodan,Female
hooda,Female
hoor,Female
hooria,Female
hooriya,Female
hooriyah,Female
horia,Female
hubab,Female
hubayshah,Female
hubba,Female
huda,Female
hudun,Female
hujaymah,Female
hujayrah,Female
hukaymah,Female
hulyah,Female
huma,Female
humaira,Female
humairah,Female
humaydah,Female
humayrah,Female
humera,Female
humra,Female
hunaidah,Female
hunaydah,Female
hur,Female
huriyah,Female
huriyyah,Female
hurya,Female
husn,Female
husna,Female
husniya,Female
husniyah,Female
hutun,Female
huwaidah,Female
huwaydah,Female
iba,Female
ibadah,Female
ibthaj,Female
ibtihaaj,Female
ibtihaj,Female
ibtihal,Female
ibtisam,Female
idhar,Female
iffah,Female
iffat,Female
ifra,Female
iftikar,Female
iftikhar,Female
iftin,Female
ifza,Female
ijabo,Female
ijaz,Female
ijlal,Female
ikhlas,Female
ikraam,Female
ikram,Female
ikramiya,Female
ilaaf,Female
ilhaam,Female
ilham,Female
ilhan,Female
ilm,Female
ilmeeyat,Female
iman,Female
imani,Female
imsaal,Female
imthithal,Female
imtihal,Female
imtithal,Female
inaam,Female
inaaya,Female
inam,Female
inan,Female
inas,Female
inaya,Female
inayah,Female
inayat,Female
inga,Female
insaf,Female
insha,Female
intessar,Female
intisaar,Female
intisar,Female
iqra,Female
iraj,Female
iram,Female
irem,Female
irsa,Female
irum,Female
isa,Female
isad,Female
isaf,Female
isar,Female
isbah,Female
isha,Female
ishaal,Female
ishfaq,Female
ishraq,Female
isir,Female
isma,Female
ismah,Female
ismat,Female
isra,Female
istabraq,Female
istilah,Female
itab,Female
itaf,Female
ithar,Female
itidal,Female
itimad,Female
izdihaar,Female
izdihar,Female
izma,Female
izzah,Female
izzah(izzat),Female
izzannisa,Female
jabalah,Female
jabeen,Female
jabirah,Female
jabrayah,Female
jada,Female
jadwa,Female
jahaan,Female
jahan,Female
jahanaara,Female
jahanara,Female
jahankhatoon,Female
jahdamah,Female
jahida,Female
jahmyyllah,Female
jaiyana,Female
jala,Female
jalilah,Female
jameela,Female
jameelah,Female
jameena,Female
jamia,Female
jamila,Female
jamilah,Female
jammana,Female
jana,Female
janaan,Female
janan,Female
jannah,Female
jannat,Female
jaseena,Female
jasmin,Female
jasmina,Female
jasrah,Female
javairea,Female
jawa,Female
jawahir,Female
jawharah,Female
jawl,Female
jawna,Female
jaza,Female
jazeera,Female
jazira,Female
jaziya,Female
jehaan,Female
jehan,Female
jemimah,Female
jenna,Female
jennah,Female
jessenia,Female
jian,Female
jihan,Female
jilan,Female
jinan,Female
johara,Female
jud,Female
judamah,Female
judi,Female
juhainah,Female
juhanah,Female
juhaynah,Female
jumaana,Female
juman,Female
jumanah,Female
jumaymah,Female
jumaynah,Female
jun,Female
junah,Female
junainah,Female
junnut,Female
juwairiyah,Female
juwan,Female
juwariyah,Female
juwayriyah,Female
kabirah,Female
kadshah,Female
kaheesha,Female
kainat,Female
kaleemah,Female
kali,Female
kalila,Female
kalima,Female
kalsoom,Female
kaltham,Female
kamaliyah,Female
kamilah,Female
kaneez,Female
kanval,Female
kanwal,Female
kanz,Female
kanza,Female
kanzah,Female
karam,Female
karawan,Female
kardawiyah,Female
kareema,Female
karida,Female
karima,Female
karimah,Female
kas,Female
kashifah,Female
kashish,Female
kathirah,Female
kaukab,Female
kausar,Female
kawakib,Female
kawkab,Female
kawthar,Female
kayan,Female
kaysah,Female
kehara,Female
kehkashan,Female
khadeeja,Female
khadija,Female
khadijah,Female
khadra,Female
khairah,Female
khairiya,Female
khalida,Female
khalidah,Female
khalilah,Female
khalisah,Female
khansa,Female
kharqa,Female
khatera,Female
khatira,Female
khatoon,Female
khawlah,Female
khayrah,Female
khayriyah,Female
khayriyyah,Female
khazanah,Female
khidrah,Female
khitam,Female
khudrah,Female
khulaybah,Female
khulood,Female
khulud,Female
khusbakht,Female
khuwaylah,Female
khuzama,Female
khuzamah,Female
kifah,Female
kiswar,Female
koila,Female
komal,Female
komila,Female
kuaybah,Female
kuhaylah,Female
kulthoom,Female
kulthum,Female
kulus,Female
kunza,Female
kuratulain,Female
kuwaysah,Female
kwairah,Female
kyda,Female
laaibah,Female
laaiqah,Female
labeebah,Female
labibah,Female
laiba,Female
laila,Female
laiqa,Female
lama,Female
lamah,Female
lamees,Female
lamiah,Female
lamis,Female
lamisa,Female
lamisah,Female
lamiya,Female
lamya,Female
lana,Female
lanika,Female
laraib,Female
lashirah,Female
lateefa,Female
latifa,Female
latifah,Female
layali,Female
layan,Female
layla,Female
layyah,Female
lazim,Female
leem,Female
leen,Female
leena,Female
leila,Female
leilah,Female
leyla,Female
liba,Female
lina,Female
linah,Female
liyana,Female
lubaaba,Female
lubab,Female
lubabah,Female
luban,Female
lubanah,Female
lubena,Female
lublubah,Female
lubna,Female
luja,Female
lujain,Female
lujaina,Female
lujayn,Female
lulu,Female
luluah,Female
lulwa,Female
luma,Female
luna,Female
lunah,Female
lutfiyah,Female
maab,Female
maahnoor,Female
maali,Female
maassama,Female
mada,Female
madaniyah,Female
madeeha,Female
madhat,Female
madhia,Female
madia,Female
madiha,Female
madihah,Female
maha,Female
mahabbah,Female
mahasin,Female
mahbasah,Female
mahbubah,Female
mahdiya,Female
mahdiyah,Female
maheen,Female
maheera,Female
mahek,Female
mahfuzah,Female
mahibah,Female
mahirah,Female
mahjabeen,Female
mahneera,Female
mahneerah,Female
mahnoor,Female
mahreen,Female
mahrosh,Female
mahrukh,Female
mahtob,Female
mahum,Female
mahveen,Female
mahvish,Female
mahwish,Female
mahwush,Female
maida,Female
maimoona,Female
maira,Female
mais,Female
maisa,Female
maisah,Female
maisarah,Female
maisha,Female
maizah,Female
majida,Female
majidah,Female
makaarim,Female
makarim,Female
makhtooma,Female
makhtoonah,Female
makkiyah,Female
maladh,Female
malaika,Female
malaikah,Female
malak,Female
malakah,Female
malayeka,Female
maleehah,Female
maliha,Female
malika,Female
malikah,Female
malmal,Female
manaal,Female
manaar,Female
manab,Female
manahel,Female
manahil,Female
manal,Female
manar,Female
manfoosah,Female
manha,Female
manhalah,Female
mansurah,Female
maqboolah,Female
maraam,Female
marah,Female
maram,Female
mardhiah,Female
marhabah,Female
maria,Female
mariam,Female
maridah,Female
mariya,Female
mariyah,Female
marjanah,Female
marnia,Female
marwa,Female
marwah,Female
maryam,Female
maryum,Female
marzuqah,Female
masabeeh,Female
masahir,Female
masarrah,Female
mashaal,Female
mashal,Female
mashel,Female
mashoodah,Female
masooma,Female
masoomah,Female
masouda,Female
mastura,Female
masudah,Female
masumah,Female
mateenah,Female
mawaddah,Female
mawahib,Female
mawara,Female
mawiya,Female
mawiyah,Female
may,Female
maya,Female
mayameen,Female
mayeda,Female
maymunah,Female
mays,Female
maysa,Female
maysaa,Female
maysam,Female
maysan,Female
maysarah,Female
maysoon,Female
maysun,Female
mayyada,Female
mayyadah,Female
mayyasah,Female
maznah,Female
mazneen,Female
medina,Female
meem,Female
meena,Female
mehak,Female
mehek,Female
meher,Female
meheroon,Female
meherunissa,Female
mehjabeen,Female
mehmuda,Female
mehnaz,Female
mehndi,Female
mehnoor,Female
mehr,Female
mehreen,Female
mehriban,Female
mehrish,Female
mehrnaz,Female
mehrunisa,Female
mehvesh,Female
mehvish,Female
mehwish,Female
memoona,Female
menaal,Female
mersiha,Female
mevish,Female
meymona,Female
midhaa,Female
midhah,Female
mina,Female
minaal,Female
minal,Female
minnah,Female
mirah,Female
misba,Female
misha,Female
mishael,Female
mishall,Female
mishel,Female
miskeenah,Female
mobena,Female
mohaddisa,Female
mohga,Female
mohsina,Female
momina,Female
mona,Female
monera,Female
mouna,Female
mounia,Female
mounira,Female
muazah,Female
muazzaz,Female
mubarakah,Female
mubashirah,Female
mubassirah,Female
mubeenah,Female
mubin,Female
mufeeda,Female
mufiah,Female
mufidah,Female
muhibbah,Female
muhja,Female
muhjah,Female
muhsinah,Female
muizza,Female
mukarram,Female
mukhlisah,Female
mumayyaz,Female
mumina,Female
muminah,Female
muna,Female
munawar,Female
munawwar,Female
munazzah,Female
muneeba,Female
muneera,Female
muneerah,Female
munerah,Female
muneza,Female
muniba,Female
munira,Female
munirah,Female
munisa,Female
munisah,Female
munize,Female
muntaha,Female
muqadaas,Female
muqbalah,Female
murdiyyah,Female
murjanah,Female
murshidah,Female
muruj,Female
musaddiqah,Female
musaykah,Female
musheera,Female
mushira,Female
mushirah,Female
muskaan,Female
muskan,Female
muslimah,Female
musn,Female
musnah,Female
mussah,Female
mussaret,Female
mustaeenah,Female
mutahharah,Female
mutazah,Female
muyassar,Female
muzaynah,Female
muznah,Female
myiesha,Female
myreen,Female
mysha,Female
naailah,Female
naairah,Female
naajidah,Female
naazneen,Female
naba,Female
nabeeha,Female
nabeela,Female
nabeelah,Female
nabiha,Female
nabihah,Female
nabijah,Female
nabila,Female
nabilah,Female
nada,Female
nadeeda,Female
nadeen,Female
nadesh,Female
nadia,Female
nadidah,Female
nadimah,Female
nadira,Female
nadirah,Female
nadiyah,Female
nadra,Female
nadwa,Female
nadwah,Female
nadyne,Female
naeema,Female
naeemah,Female
nafeesa,Female
nafeesah,Female
nafesa,Female
nafiah,Female
nafisah,Female
naflah,Female
nageen,Female
nageenah,Female
nagheen,Female
nagina,Female
nahal,Female
naheed,Female
naheeda,Female
nahid,Female
nahida,Female
nahidah,Female
nahla,Female
nahlah,Female
nahleejah,Female
naifah,Female
naila,Female
nailah,Female
naima,Female
naimah,Female
nain,Female
naina,Female
najaah,Female
najaf,Female
najah,Female
najat,Female
najdah,Female
najeeba,Female
najibah,Female
najidah,Female
najihah,Female
najiyah,Female
najla,Female
najma,Female
najmah,Female
najmiyyah,Female
najwa,Female
najya,Female
nakhat,Female
nakia,Female
namar,Female
namra,Female
namyla,Female
naqeebah,Female
naraiman,Female
nargis,Female
narjis,Female
narmin,Female
naseeka,Female
naseemah,Female
naseerah,Female
nasha,Female
nasheed,Female
nasheelah,Female
nashema,Female
nashida,Female
nashirah,Female
nashita,Female
nashitah,Female
nashmia,Female
nashwa,Female
nasifah,Female
nasiha,Female
nasihah,Female
nasim,Female
nasimah,Female
nasira,Female
nasirah,Female
nasmah,Female
nasra,Female
nasreen,Female
nasrin,Female
nasrullah,Female
natara,Female
natasha,Female
nathifa,Female
naureen,Female
naurus,Female
naushaba,Female
nausheen,Female
naushin,Female
naveda,Female
naveen,Female
navil,Female
nawal,Female
nawar,Female
naweed,Female
nawel,Female
nawlah,Female
nawrah,Female
nawwal,Female
nawwar,Female
nayila,Female
nayyab,Female
nayyirah,Female
nazaaha,Female
nazahah,Female
nazanin,Female
nazeefah,Female
nazeeha,Female
nazeera,Female
nazeerah,Female
nazia,Female
nazihah,Female
nazimah,Female
nazindah,Female
nazirah,Female
nazish,Female
nazli,Female
nazma,Female
nazmin,Female
nazneen,Female
nazraana,Female
nazuk,Female
neelam,Female
neelofer,Female
neeshad,Female
neeya,Female
neha,Female
nejat,Female
nelam,Female
nelofar,Female
nesrin,Female
nevaeh,Female
nibaal,Female
nibal,Female
nibras,Female
nida,Female
nidaa,Female
nidda,Female
nigar,Female
nighat,Female
nihad,Female
nihal,Female
nija,Female
nijah,Female
nilofar,Female
nilofer,Female
nimaat,Female
nimah,Female
nimat,Female
nimerah,Female
nimra,Female
nimrah,Female
nina,Female
nisa,Female
nisha,Female
nishat,Female
nisreen,Female
nisrin,Female
nissa,Female
niyaf,Female
nojood,Female
noor,Female
noorah,Female
nooralhaya,Female
noorie,Female
nooriya,Female
noorjahan,Female
noorjehan,Female
noorulann,Female
nora,Female
norah,Female
noreen,Female
norhan,Female
noriza,Female
noshaba,Female
nosheen,Female
nouf,Female
noureen,Female
nuaymah,Female
nudar,Female
nudbah,Female
nudhar,Female
nudrat,Female
nuha,Female
nuhaa,Female
nujud,Female
numa,Female
nunah,Female
nur,Female
nura,Female
nurah,Female
nuralhuda,Female
nurayda,Female
nuriya,Female
nuriyah,Female
nurjenna,Female
nuryn,Female
nusaibah,Female
nusaybah,Female
nusrah,Female
nusrat,Female
nuwairah,Female
nuwayla,Female
nuwaylah,Female
nuwayrah,Female
nuwwar,Female
nuwwarrah,Female
nuzhah,Female
nuzhat,Female
nyasia,Female
nyla,Female
ojala,Female
omera,Female
pakeezah,Female
parinda,Female
pariza,Female
parveen,Female
parvina,Female
qabalah,Female
qabilah,Female
qabool,Female
qadr,Female
qadriyah,Female
qadriyyah,Female
qailah,Female
qamar,Female
qamayr,Female
qameer,Female
qaniah,Female
qaraah,Female
qarasafahl,Female
qareebah,Female
qasoomah,Female
qaylah,Female
qaymayriyah,Female
qaysar,Female
qindeel,Female
qirat,Female
qisaf,Female
qismah,Female
qiyyama,Female
quadriyyah,Female
qubilah,Female
quddusiyyah,Female
qudsiyah,Female
quraybah,Female
qurratulain,Female
qurratulayn,Female
qutaylah,Female
qutayyah,Female
raaida,Female
raameen,Female
raawiya,Female
rabab,Female
rabail,Female
rabbiya,Female
rabeea,Female
rabia,Female
rabiah,Female
rabitah,Female
rabiya,Female
rabiyah,Female
radeyah,Female
radhia,Female
radhiya,Female
radhwaa,Female
radiyah,Female
radwa,Female
raeesah,Female
rafa,Female
rafah,Female
rafal,Female
rafat,Female
rafeeqah,Female
rafia,Female
rafiah,Female
rafida,Female
rafidah,Female
rafif,Female
rafiqah,Female
raghad,Female
raghda,Female
raghibah,Female
raghidah,Female
raha,Female
rahaf,Female
raheemah,Female
rahila,Female
rahilah,Female
rahimah,Female
rahiq,Female
rahma,Female
rahmaa,Female
rahmah,Female
raidah,Female
raifah,Female
raihana,Female
raima,Female
raina,Female
raiqah,Female
raitah,Female
raja,Female
rajiyah,Female
rameen,Female
rameesha,Female
ramia,Female
ramidha,Female
ramisa,Female
ramlah,Female
ramsha,Female
ramzia,Female
ramziyah,Female
rana,Female
rand,Female
randa,Female
raneem,Female
rani,Female
rania,Female
ranim,Female
raniya,Female
raniyah,Female
ranya,Female
rasha,Female
rashad,Female
rasheeda,Female
rasheedah,Female
rashida,Female
rashidah,Female
rasmiyah,Female
raudzah,Female
rawah,Female
rawdah,Female
rawdha,Female
rawhah,Female
rawhiyah,Female
rawiah,Female
rayann,Female
rayhanah,Female
rayna,Female
rayya,Female
rayyaa,Female
razaan,Female
razaana,Female
razaanah,Female
razan,Female
razia,Female
reeha,Female
reeham,Female
reem,Female
reema,Female
reena,Female
reham,Female
rehana,Female
rehemat,Female
reja,Female
reshma,Female
reyah,Female
reyhana,Female
rida,Female
rifaat,Female
rifat,Female
rifaya,Female
riffat,Female
rihab,Female
riham,Female
rihana,Female
rija,Female
rijja,Female
rim,Female
rima,Female
rimsha,Female
rinaaz,Female
rizqin,Female
rizwana,Female
robina,Female
roha,Female
rohaan,Female
roma,Female
romana,Female
romeesa,Female
rona,Female
roshini,Female
roshni,Female
roushana,Female
rua,Female
ruaa,Female
rubaa,Female
rubaba,Female
rubadah,Female
rubi,Female
rubina,Female
rubiya,Female
rudainah,Female
rudaynah,Female
rufaidah,Female
rufaydah,Female
ruhab,Female
ruhee,Female
ruhi,Female
ruhina,Female
rukan,Female
rukayat,Female
rukhsaar,Female
rukhsana,Female
rukhsar,Female
ruksana,Female
ruksha,Female
rumailah,Female
rumaisa,Female
rumaithah,Female
rumana,Female
rumaylah,Female
rumaythah,Female
rumeha,Female
ruqaya,Female
ruqayya,Female
ruqayyah,Female
ruquaiya,Female
rushd,Female
rushda,Female
ruwaidah,Female
ruwaydah,Female
ruyah,Female
saabira,Female
saadia,Female
saadiya,Female
saaedah,Female
saaleha,Female
saaliha,Female
saamiya,Female
saara,Female
saarah,Female
saba,Female
sabaa,Female
sabah,Female
sabahat,Female
sabburah,Female
sabeegah,Female
sabeen,Female
sabeeyah,Female
sabiha,Female
sabihah,Female
sabina,Female
sabiqah,Female
sabirah,Female
sabr,Female
sabreen,Female
sabrin,Female
sabriyah,Female
sabuhi,Female
sadad,Female
sadaf,Female
sadah,Female
sadia,Female
sadiah,Female
sadiqa,Female
sadiqah,Female
sadiyah,Female
sadoof,Female
saeedah,Female
safa,Female
safaa,Female
safeerah,Female
saffanah,Female
saffiya,Female
safia,Female
safiya,Female
safiyya,Female
safiyyah,Female
safoorah,Female
safun,Female
safwah,Female
safwana,Female
sageda,Female
sagheerah,Female
sahar,Female
saharish,Female
sahibah,Female
sahirah,Female
sahla,Female
sahlah,Female
sahrish,Female
saibah,Female
saida,Female
saidah,Female
saihah,Female
saila,Female
saima,Female
saimah,Female
saiqa,Female
saira,Female
sairah,Female
sairish,Female
saja,Female
sajidah,Female
sakeena,Female
sakeenah,Female
sakina,Female
sakinah,Female
saleema,Female
saleemah,Female
saleena,Female
salifah,Female
salihah,Female
salikah,Female
salimah,Female
salma,Female
salmaa,Female
salsabeel,Female
salsabil,Female
salwa,Female
samaa,Female
samaah,Female
samah,Female
samaira,Female
samar,Female
samara,Female
samarah,Female
samawah,Female
sameea,Female
sameeha,Female
sameen,Female
sameena,Female
sameenah,Female
sameera,Female
sameh,Female
samera,Female
sameya,Female
samia,Female
samiah,Female
samihah,Female
samina,Female
samira,Female
samirah,Female
samiun,Female
samiya,Female
samiyah,Female
sammar,Female
samra,Female
samrah,Female
samrina,Female
sana,Female
sanaa,Female
sanam,Female
sanari,Female
sanaubar,Female
sanika,Female
saniya,Female
saniyah,Female
saniyya,Female
sanjeedah,Female
sara,Female
sarah,Female
sarina,Female
sarish,Female
sarra,Female
sarrinah,Female
sarwari,Female
sarwat,Female
sarwath,Female
sauda,Female
savaira,Female
sawdah,Female
sawsan,Female
sayyidah,Female
seem,Female
seemeen,Female
seerat,Female
seham,Female
seher,Female
sehr,Female
sehrish,Female
selina,Female
senada,Female
senait,Female
sfiyah,Female
shabana,Female
shabeehah,Female
shabina,Female
shabnam,Female
shadan,Female
shadha,Female
shadhaa,Female
shadhiyah,Female
shadiyah,Female
shadmani,Female
shafana,Female
shafaq,Female
shafath,Female
shafeeqah,Female
shafia,Female
shafiah,Female
shafiqah,Female
shagufta,Female
shahada,Female
shahana,Female
shaharun,Female
shahd,Female
shahed,Female
shaheema,Female
shaheena,Female
shaheenah,Female
shaheerah,Female
shahida,Female
shahidah,Female
shahina,Female
shahirah,Female
shahla,Female
shahlah,Female
shahmeen,Female
shahnaaz,Female
shahnaz,Female
shahnoor,Female
shahrazad,Female
shahreen,Female
shahzaadee,Female
shahzana,Female
shaila,Female
shaima,Female
shairah,Female
shaista,Female
shaistah,Female
shajarah,Female
shajeeah,Female
shakeelah,Female
shakila,Female
shakirah,Female
shakurah,Female
shalimar,Female
shama,Female
shamailah,Female
shamama,Female
shamamah,Female
shameemah,Female
shameena,Female
shamila,Female
shamilah,Female
shamim,Female
shamima,Female
shamis,Female
shamoodah,Female
shams,Female
shamsa,Female
shamsia,Female
shanaz,Female
shanika,Female
shanum,Female
shanza,Female
shanzay,Female
shanze,Female
shaqeeqah,Female
sharayah,Female
shareefa,Female
shareekah,Female
shareen,Female
sharifah,Female
shariqah,Female
sharleez,Female
sharmeen,Female
sharmin,Female
shasmeen,Female
shatha,Female
shawq,Female
shayla,Female
shayma,Female
shaymaa,Female
shazana,Female
shazfa,Female
shazia,Female
shazmah,Female
shazmin,Female
shazneen,Female
sheema,Female
sheen,Female
sheenaz,Female
shehla,Female
shehrbano,Female
shehzadi,Female
sheila,Female
shellah,Female
sherana,Female
shereen,Female
sherrifah,Female
sheyla,Female
sheza,Female
shezan,Female
shifa,Female
shihaam,Female
shillan,Female
shimah,Female
shimaz,Female
shireen,Female
shiya,Female
shiyam,Female
shiza,Female
shua,Female
shuba,Female
shudun,Female
shuhrah,Female
shujana,Female
shukrah,Female
shukriyah,Female
shumaila,Female
shumaisiya,Female
shumaylah,Female
shumaysah,Female
shurafa,Female
shurooq,Female
shuruq,Female
shyreen,Female
sibaal,Female
sibal,Female
siddiqa,Female
siddiqah,Female
siddra,Female
sidra,Female
sidrah,Female
sihaam,Female
siham,Female
simah,Female
simra,Female
simrah,Female
sirah,Female
sireen,Female
sirin,Female
sitarah,Female
sitwat,Female
sobia,Female
sofia,Female
soha,Female
sohana,Female
somaya,Female
sonia,Female
sophia,Female
soraiya,Female
soraya,Female
sorfina,Female
souad,Female
souhayla,Female
suad,Female
subaha,Female
subayah,Female
subbiha,Female
subhaan,Female
subhah,Female
subhiyah,Female
subuhi,Female
suda,Female
sudi,Female
sufia,Female
sughra,Female
suha,Female
suhailah,Female
suhaimah,Female
suhair,Female
suhana,Female
suhaylah,Female
suhaymah,Female
suhayr,Female
suheera,Female
suja,Female
sukaina,Female
sukainah,Female
sukaynah,Female
sulafah,Female
sultana,Female
sultanah,Female
sulthana,Female
sumaira,Female
sumaiya,Female
sumaiyah,Female
sumanah,Female
sumara,Female
sumayra,Female
sumayrah,Female
sumaytah,Female
sumayyah,Female
sumbul,Female
sumera,Female
sumia,Female
sumiya,Female
sumlina,Female
summar,Female
summaya,Female
summayyah,Female
sumnah,Female
sumra,Female
sumrah,Female
sunbul,Female
sundas,Female
sundus,Female
sunya,Female
sura,Female
suraa,Female
suraiya,Female
suraya,Female
surraya,Female
suwaydah,Female
suwera,Female
swiyyah,Female
taabeer,Female
taahira,Female
taalah,Female
taalia,Female
tabalah,Female
tabassum,Female
tabinda,Female
tafida,Female
taghrid,Female
tahani,Female
tahera,Female
tahfeem,Female
tahira,Female
tahirah,Female
tahiyah,Female
tahiyat,Female
tahlibah,Female
tahseenah,Female
taibah,Female
taima,Female
takiyah,Female
tala,Female
talah,Female
talibah,Female
tamadur,Female
tamanna,Female
tamara,Female
tameemah,Female
tanisha,Female
tanweer,Female
tanzeela,Female
tanzila,Female
taqiyah,Female
taqwa,Female
taqwaa,Female
tara,Female
tariqah,Female
tarub,Female
tasavur,Female
taseefa,Female
tasheen,Female
taskeen,Female
tasleem,Female
tasliymah,Female
tasneam,Female
tasneem,Female
tasnim,Female
tatheer,Female
tawbah,Female
taybah,Female
tayma,Female
tayyibah,Female
tazeen,Female
tazim,Female
tazkia,Female
tazmeen,Female
tehmeed,Female
tehreem,Female
tehzeeb,Female
thabitah,Female
thahera,Female
thaminah,Female
thana,Female
thanaa,Female
thara,Female
tharaa,Female
tharwah,Female
tharya,Female
thashin,Female
thawab,Female
thoraya,Female
thubaytah,Female
thufailah,Female
thuml,Female
thuraiya,Female
thurayya,Female
thuwaibah,Female
thuwaybah,Female
tibah,Female
tisha,Female
tooba,Female
toufika,Female
tuba,Female
tubaa,Female
tubassum,Female
tufaylah,Female
tulayhah,Female
tumadur,Female
tuqa,Female
tuqaa,Female
ubaab,Female
ubab,Female
ubah,Female
udaysah,Female
ugbaad,Female
uhud,Female
ujala,Female
ula,Female
ulfah,Female
umaiza,Female
umamah,Female
umaymah,Female
umaynah,Female
umayrah,Female
ummayyah,Female
ummekulsum,Female
ummkalthum,Female
ummkulthum,Female
umnia,Female
umniyah,Female
unaysah,Female
unaza,Female
unsa,Female
uroosa,Female
urshia,Female
usaimah,Female
usaymah,Female
ushna,Female
uswa,Female
utaybah,Female
uwaisah,Female
uwaysah,Female
uzma,Female
valiqa,Female
vardah,Female
varisha,Female
waajidah,Female
wabisa,Female
wad,Female
wadha,Female
wadhaa,Female
wadiah,Female
wafa,Female
wafaa,Female
wafeeqa,Female
wafeeqah,Female
wafiqah,Female
wafiyah,Female
wafiza,Female
wagma,Female
wahabah,Female
wahbiyah,Female
wahibah,Female
wahida,Female
wahidah,Female
wahuj,Female
wajahat,Female
wajd,Female
wajihah,Female
wakeelah,Female
wala,Female
walaa,Female
walidah,Female
walihah,Female
waliyah,Female
walladah,Female
wania,Female
waniya,Female
warda,Female
wardah,Female
wareesha,Female
warizah,Female
warqa,Female
warqaa,Female
warsan,Female
waseefah,Female
waseemah,Female
wasfiyah,Female
washma,Female
wasifah,Female
wasilah,Female
wasimah,Female
wasna,Female
watiaa,Female
wazeera,Female
wiam,Female
wid,Female
widaad,Female
widad,Female
wifaq,Female
wijdan,Female
wisaal,Female
wisaam,Female
wisal,Female
wisam,Female
wiyyam,Female
wordah,Female
wurud,Female
yafiah,Female
yakootah,Female
yalina,Female
yalqoot,Female
yamamah,Female
yamha,Female
yamina,Female
yaminah,Female
yara,Female
yarah,Female
yasirah,Female
yasmeen,Female
yasmeenah,Female
yasmin,Female
yasmina,Female
yasmine,Female
yasna,Female
yassaman,Female
yelda,Female
yumn,Female
yumna,Female
yumnah,Female
yusayrah,Female
yusra,Female
yusraa,Female
yusriyah,Female
yusur,Female
zaafirah,Female
zaahirah,Female
zaara,Female
zaeemah,Female
zafeerah,Female
zafirah,Female
zafreen,Female
zahabiya,Female
zahara,Female
zaheen,Female
zaheerah,Female
zahidah,Female
zahira,Female
zahirah,Female
zahra,Female
zahraa,Female
zahrah,Female
zahwah,Female
zaida,Female
zain,Female
zaina,Female
zainab,Female
zairah,Female
zaiton,Female
zakia,Female
zakirah,Female
zakiyah,Female
zalfa,Female
zameelah,Female
zameena,Female
zamrud,Female
zanubiya,Female
zanyah,Female
zara,Female
zareen,Female
zareena,Female
zareenah,Female
zarifah,Female
zarina,Female
zariya,Female
zariyah,Female
zarmina,Female
zarqa,Female
zarrah,Female
zartaj,Female
zayaan,Female
zayba,Female
zayn,Female
zaynab,Female
zaynah,Female
zaytoon,Female
zaytoonah,Female
zeba,Female
zeena,Female
zeenat,Female
zehna,Female
zehra,Female
zenia,Female
zerina,Female
zhalay,Female
zinah,Female
zinat,Female
zineta,Female
zinneerah,Female
ziyan,Female
zoeya,Female
zoha,Female
zoharin,Female
zohha,Female
zohra,Female
zohura,Female
zonira,Female
zorah,Female
zoufishan,Female
zoya,Female
zubaidah,Female
zubaria,Female
zubash,Female
zubaydah,Female
zubdah,Female
zubi,Female
zuha,Female
zuhaa,Female
zuhaira,Female
zuharah,Female
zuhayra,Female
zuhera,Female
zuhra,Female
zuhrah,Female
zuhur,Female
zulaykha,Female
zulekha,Female
zulfa,Female
zulfah,Female
zumurrud,Female
zumzum,Female
zunairah,Female
zynah,Female
zyva,Female
